epoch,time,train/box_loss,train/cls_loss,train/dfl_loss,metrics/precision(B),metrics/recall(B),metrics/mAP50(B),metrics/mAP50-95(B),val/box_loss,val/cls_loss,val/dfl_loss,lr/pg0,lr/pg1,lr/pg2
1,4.26113,0.77016,3.81756,0.92097,0.00294,0.75,0.0055,0.00335,0.4567,3.8126,0.87513,0.000555556,0.000555556,0.000555556
2,5.50054,1.52377,3.41193,1.41018,0.00392,1,0.1895,0.04883,2.18767,4.48548,2.25712,0.00121416,0.00121416,0.00121416
3,6.82454,2.19315,3.24371,1.91251,0.00373,0.95,0.08132,0.02093,2.16659,4.47605,2.22499,0.00186396,0.00186396,0.00186396
4,8.09979,2.24862,3.50163,1.84326,0.00255,0.65,0.00224,0.0005,2.71934,5.86665,2.62572,0.0019604,0.0019604,0.0019604
5,9.68998,1.66925,3.07505,1.34511,0.00373,0.95,0.00556,0.00205,1.48893,4.26407,1.61576,0.0019472,0.0019472,0.0019472
6,11.1678,1.24172,2.41944,1.10175,0.00078,0.2,0.00037,5e-05,2.63025,5.0669,2.31597,0.001934,0.001934,0.001934
7,12.4041,1.03128,2.20284,0.99703,0.00196,0.5,0.01656,0.00607,1.61926,4.19968,1.48504,0.0019208,0.0019208,0.0019208
8,13.6582,0.94171,1.68607,0.98998,0.00294,0.75,0.02968,0.0087,1.23454,4.90818,1.34422,0.0019076,0.0019076,0.0019076
9,14.9609,0.88499,1.5297,0.97372,0.00353,0.9,0.02641,0.00828,0.87937,8.55703,1.09752,0.0018944,0.0018944,0.0018944
10,16.4615,0.80962,1.36873,0.95564,0.00255,0.65,0.00857,0.00427,0.9525,14.0242,1.06105,0.0018812,0.0018812,0.0018812
11,17.7314,0.83087,1.38316,0.9417,0.00196,0.5,0.00348,0.00137,0.97504,7.90492,1.08629,0.001868,0.001868,0.001868
12,18.9662,0.77576,1.17389,0.91167,0.00314,0.8,0.01581,0.0106,0.75534,3.81978,0.97079,0.0018548,0.0018548,0.0018548
13,20.1545,0.79836,1.24076,0.93009,0.00392,1,0.04263,0.03363,0.74232,3.58098,0.96755,0.0018416,0.0018416,0.0018416
14,21.4306,0.6754,1.14339,0.90188,0.00392,1,0.08063,0.06531,0.85557,3.29964,1.02291,0.0018284,0.0018284,0.0018284
15,22.7424,0.71236,1.13164,0.88315,0.12392,0.05,0.05083,0.04529,0.67357,3.1328,0.92814,0.0018152,0.0018152,0.0018152
16,24.0878,0.65257,1.07623,0.86875,0.62028,0.16521,0.85677,0.72624,0.66135,2.49504,0.94199,0.001802,0.001802,0.001802
17,25.3342,0.69017,1.06545,0.8839,1,0.44564,0.97954,0.85359,0.63319,2.48528,0.91955,0.0017888,0.0017888,0.0017888
18,26.652,0.62278,0.95963,0.86632,0.94375,0.35,0.96045,0.82857,0.62134,2.41854,0.91393,0.0017756,0.0017756,0.0017756
19,27.8756,0.59236,0.99142,0.86996,1,0.83632,0.98848,0.86447,0.59771,2.19692,0.90969,0.0017624,0.0017624,0.0017624
20,29.1661,0.5974,0.87866,0.86914,1,0.97506,0.995,0.86005,0.60841,1.95203,0.9047,0.0017492,0.0017492,0.0017492
21,30.3797,0.57567,0.80397,0.85704,0.97831,1,0.995,0.886,0.57377,1.78241,0.88986,0.001736,0.001736,0.001736
22,31.6573,0.56967,0.81626,0.85944,1,0.99995,0.995,0.89039,0.49945,1.55784,0.86742,0.0017228,0.0017228,0.0017228
23,32.9349,0.62056,0.93926,0.88117,1,0.99675,0.995,0.89209,0.54566,1.77617,0.88259,0.0017096,0.0017096,0.0017096
24,34.247,0.63705,0.83163,0.88013,1,0.99403,0.995,0.86668,0.56782,1.29526,0.90653,0.0016964,0.0016964,0.0016964
25,35.4565,0.58549,0.75019,0.86532,1,0.99747,0.995,0.89574,0.51077,1.12583,0.89057,0.0016832,0.0016832,0.0016832
26,36.7402,0.56515,0.77101,0.8422,1,0.99533,0.995,0.88118,0.53161,1.06624,0.89056,0.00167,0.00167,0.00167
27,37.9555,0.56833,0.74041,0.86644,1,0.99601,0.995,0.89921,0.49301,1.00379,0.87244,0.0016568,0.0016568,0.0016568
28,39.2411,0.57794,0.73627,0.85093,0.99849,1,0.995,0.89413,0.45251,0.84119,0.86422,0.0016436,0.0016436,0.0016436
29,40.48,0.52277,0.7048,0.86966,0.99812,1,0.995,0.88894,0.50127,0.84512,0.87409,0.0016304,0.0016304,0.0016304
30,41.7345,0.52679,0.70928,0.8502,0.99787,1,0.995,0.905,0.48577,0.72326,0.87161,0.0016172,0.0016172,0.0016172
31,43.0734,0.5501,0.71729,0.85909,0.99811,1,0.995,0.87536,0.5291,0.67142,0.88386,0.001604,0.001604,0.001604
32,44.3201,0.53347,0.71683,0.86119,0.99691,1,0.995,0.88181,0.52795,0.70611,0.87578,0.0015908,0.0015908,0.0015908
33,45.5702,0.5012,0.65069,0.82787,0.99693,1,0.995,0.89034,0.497,0.70015,0.86395,0.0015776,0.0015776,0.0015776
34,46.7925,0.5403,0.65731,0.85615,0.9972,1,0.995,0.86376,0.55751,0.6295,0.88293,0.0015644,0.0015644,0.0015644
35,48.0301,0.53963,0.62961,0.8499,0.99722,1,0.995,0.87977,0.5584,0.6408,0.8778,0.0015512,0.0015512,0.0015512
36,49.2645,0.56137,0.63917,0.85714,0.99736,1,0.995,0.8994,0.53069,0.66042,0.88402,0.001538,0.001538,0.001538
37,50.5078,0.54509,0.60269,0.83462,0.99732,1,0.995,0.88739,0.54205,0.6396,0.89222,0.0015248,0.0015248,0.0015248
38,51.859,0.54762,0.61043,0.84299,0.99716,1,0.995,0.88657,0.54795,0.58624,0.88134,0.0015116,0.0015116,0.0015116
39,53.0789,0.56028,0.62042,0.86454,0.99723,1,0.995,0.87612,0.54483,0.57075,0.88171,0.0014984,0.0014984,0.0014984
40,54.4042,0.47394,0.60874,0.85316,0.99727,1,0.995,0.89114,0.51486,0.5491,0.88111,0.0014852,0.0014852,0.0014852
41,55.6101,0.52023,0.59946,0.84988,0.9972,1,0.995,0.9005,0.53,0.55245,0.88009,0.001472,0.001472,0.001472
42,56.8335,0.49166,0.5769,0.84378,0.99755,1,0.995,0.8843,0.54841,0.51257,0.88442,0.0014588,0.0014588,0.0014588
43,58.0345,0.519,0.5351,0.84543,0.99723,1,0.995,0.88725,0.56669,0.53771,0.87832,0.0014456,0.0014456,0.0014456
44,59.2485,0.54316,0.56733,0.84382,0.9971,1,0.995,0.88054,0.53477,0.53923,0.86668,0.0014324,0.0014324,0.0014324
45,60.4511,0.4805,0.55253,0.8351,0.99739,1,0.995,0.87582,0.51221,0.48837,0.86352,0.0014192,0.0014192,0.0014192
46,61.6723,0.52792,0.57327,0.84108,0.99723,1,0.995,0.87984,0.50543,0.48924,0.86302,0.001406,0.001406,0.001406
47,62.8898,0.48906,0.52859,0.84314,0.99736,1,0.995,0.87469,0.53592,0.49278,0.87129,0.0013928,0.0013928,0.0013928
48,64.1198,0.49178,0.55542,0.85051,0.99783,1,0.995,0.89167,0.51729,0.50361,0.86825,0.0013796,0.0013796,0.0013796
49,65.3329,0.47277,0.51804,0.82948,0.99768,1,0.995,0.89885,0.50784,0.48211,0.86671,0.0013664,0.0013664,0.0013664
50,66.5651,0.46794,0.50963,0.82476,0.99738,1,0.995,0.88779,0.51798,0.48529,0.86694,0.0013532,0.0013532,0.0013532
51,67.787,0.48384,0.51667,0.83516,0.99742,1,0.995,0.88397,0.50897,0.47527,0.86379,0.00134,0.00134,0.00134
52,69.015,0.43475,0.48366,0.83144,0.99728,1,0.995,0.90117,0.50608,0.48787,0.86787,0.0013268,0.0013268,0.0013268
53,70.221,0.50051,0.53275,0.84297,0.99733,1,0.995,0.91133,0.52748,0.48225,0.87749,0.0013136,0.0013136,0.0013136
54,71.4709,0.46456,0.50335,0.84118,0.99721,1,0.995,0.89558,0.52614,0.47126,0.87603,0.0013004,0.0013004,0.0013004
55,72.6881,0.44028,0.48633,0.82584,0.99714,1,0.995,0.89262,0.51939,0.44933,0.87717,0.0012872,0.0012872,0.0012872
56,73.9153,0.46667,0.48948,0.82758,0.99738,1,0.995,0.89458,0.52058,0.44751,0.87431,0.001274,0.001274,0.001274
57,75.1329,0.43973,0.46774,0.82973,0.99726,1,0.995,0.87668,0.55402,0.44079,0.88103,0.0012608,0.0012608,0.0012608
58,76.3618,0.4553,0.46499,0.84083,0.99724,1,0.995,0.89492,0.52519,0.43861,0.88322,0.0012476,0.0012476,0.0012476
59,77.5768,0.43826,0.45666,0.83961,0.99719,1,0.995,0.88325,0.53144,0.43572,0.88198,0.0012344,0.0012344,0.0012344
60,78.7879,0.47489,0.46425,0.84779,0.99728,1,0.995,0.87856,0.56317,0.45008,0.87661,0.0012212,0.0012212,0.0012212
61,79.9991,0.48783,0.4685,0.83376,0.99735,1,0.995,0.88814,0.5403,0.42925,0.87563,0.001208,0.001208,0.001208
62,81.2207,0.4381,0.43615,0.80963,0.99733,1,0.995,0.89508,0.47221,0.41005,0.8638,0.0011948,0.0011948,0.0011948
63,82.4462,0.43397,0.45365,0.82782,0.99735,1,0.995,0.90576,0.50956,0.40936,0.86949,0.0011816,0.0011816,0.0011816
64,83.666,0.45032,0.43735,0.81937,0.99746,1,0.995,0.89662,0.54327,0.44618,0.87536,0.0011684,0.0011684,0.0011684
65,84.8813,0.44853,0.44783,0.81459,0.99748,1,0.995,0.90797,0.48896,0.43881,0.86083,0.0011552,0.0011552,0.0011552
66,86.2313,0.44393,0.41209,0.81331,0.99737,1,0.995,0.90026,0.51515,0.39418,0.86876,0.001142,0.001142,0.001142
67,87.4514,0.46325,0.44785,0.8436,0.9973,1,0.995,0.88655,0.53731,0.39877,0.87404,0.0011288,0.0011288,0.0011288
68,88.6751,0.43372,0.42746,0.81464,0.99738,1,0.995,0.8905,0.49781,0.38467,0.86867,0.0011156,0.0011156,0.0011156
69,89.8759,0.44912,0.45662,0.84095,0.99732,1,0.995,0.89747,0.47662,0.37582,0.86728,0.0011024,0.0011024,0.0011024
70,91.085,0.44235,0.44652,0.84725,0.99736,1,0.995,0.88546,0.53518,0.41034,0.87834,0.0010892,0.0010892,0.0010892
71,92.2885,0.44023,0.41645,0.80912,0.99737,1,0.995,0.89011,0.53106,0.37256,0.87527,0.001076,0.001076,0.001076
72,93.5001,0.46405,0.46049,0.86264,0.99713,1,0.995,0.90412,0.46476,0.37613,0.86593,0.0010628,0.0010628,0.0010628
73,94.7174,0.47203,0.41943,0.81645,0.99732,1,0.995,0.90077,0.49566,0.39053,0.87012,0.0010496,0.0010496,0.0010496
74,95.9311,0.41187,0.40339,0.81347,0.9973,1,0.995,0.88794,0.5299,0.38286,0.87748,0.0010364,0.0010364,0.0010364
75,97.1584,0.44678,0.41858,0.83369,0.99736,1,0.995,0.89231,0.55664,0.40101,0.88918,0.0010232,0.0010232,0.0010232
76,98.3668,0.43367,0.39848,0.81436,0.99735,1,0.995,0.89077,0.54494,0.3806,0.88311,0.00101,0.00101,0.00101
77,99.5883,0.45185,0.40374,0.82457,0.99738,1,0.995,0.89131,0.54457,0.3762,0.87894,0.0009968,0.0009968,0.0009968
78,100.825,0.42758,0.41192,0.84217,0.99743,1,0.995,0.879,0.57327,0.39521,0.89216,0.0009836,0.0009836,0.0009836
79,102.032,0.45255,0.40399,0.82582,0.99727,1,0.995,0.8752,0.57192,0.38908,0.89779,0.0009704,0.0009704,0.0009704
80,103.253,0.42475,0.40372,0.83511,0.99752,1,0.995,0.89442,0.48153,0.35838,0.87393,0.0009572,0.0009572,0.0009572
81,104.446,0.41421,0.40742,0.83115,0.99749,1,0.995,0.89617,0.48488,0.35001,0.87405,0.000944,0.000944,0.000944
82,105.65,0.43109,0.39718,0.81309,0.99731,1,0.995,0.89532,0.55293,0.3595,0.8845,0.0009308,0.0009308,0.0009308
83,106.858,0.41362,0.38206,0.82602,0.99724,1,0.995,0.8833,0.54945,0.36824,0.88512,0.0009176,0.0009176,0.0009176
84,108.09,0.41952,0.38244,0.82684,0.9975,1,0.995,0.90201,0.51024,0.37379,0.88117,0.0009044,0.0009044,0.0009044
85,109.303,0.4461,0.39963,0.82309,0.99741,1,0.995,0.89267,0.51913,0.37217,0.88188,0.0008912,0.0008912,0.0008912
86,110.526,0.45133,0.38237,0.83254,0.99717,1,0.995,0.88262,0.53953,0.3559,0.87859,0.000878,0.000878,0.000878
87,111.737,0.44735,0.39171,0.84591,0.99726,1,0.995,0.89896,0.53556,0.34462,0.8798,0.0008648,0.0008648,0.0008648
88,112.974,0.45228,0.3999,0.83323,0.99734,1,0.995,0.89806,0.51912,0.33787,0.87245,0.0008516,0.0008516,0.0008516
89,114.2,0.41667,0.38362,0.81836,0.99736,1,0.995,0.87172,0.60133,0.358,0.89564,0.0008384,0.0008384,0.0008384
90,115.397,0.41406,0.37046,0.83608,0.99737,1,0.995,0.88153,0.57647,0.35216,0.89251,0.0008252,0.0008252,0.0008252
91,116.586,0.39353,0.3679,0.82052,0.99737,1,0.995,0.8926,0.51933,0.34487,0.87501,0.000812,0.000812,0.000812
92,117.795,0.42525,0.35877,0.85253,0.99728,1,0.995,0.90542,0.47921,0.33517,0.8631,0.0007988,0.0007988,0.0007988
93,119.161,0.39884,0.37033,0.80927,0.99733,1,0.995,0.89779,0.51745,0.33884,0.8731,0.0007856,0.0007856,0.0007856
